iteration,wins_X,wins_O,draws,buffer_size,value_loss,policy_loss,value_error_vs_solver,value_error_X,value_error_O,elapsed_sec,x_frozen,o_win_rate_rolling
1,9,11,0,189,1.1833859477502724,1.4316109441835136,0.6785659938056914,0.6651706164384862,0.6919613711728965,11.68307113647461,False,0.55
2,9,11,0,340,1.1357765347601816,1.2265356530712133,0.7394558345271856,0.7158068289125574,0.7631048401418137,8.332090377807617,False,0.55
3,8,11,1,526,0.986706652159795,1.0562864427695322,0.769144481024391,0.7181854398890546,0.8201035221597276,10.081129789352417,False,0.55
4,8,12,0,716,0.9854183142588641,0.9488960108106502,0.7826268988025358,0.7165873244758781,0.8486664731291934,10.93633484840393,False,0.5625
5,13,7,0,951,0.9370032476367074,0.8597517619675326,0.8172179160153196,0.7811700103787294,0.8532658216519098,12.384448289871216,False,0.52
6,13,7,0,1146,0.8831053278066208,0.8880288628040273,0.7699491250249952,0.7039809470847439,0.8359173029652467,9.0116446018219,False,0.4916666666666667
7,14,4,2,1345,0.822832264688579,0.8318310430274696,0.7943612331718498,0.7416203509677505,0.8471021153759491,9.76368761062622,False,0.45000000000000007
8,12,7,1,1530,0.7817319649738838,0.7906612992012775,0.8035037317129796,0.7072653918689511,0.899742071557008,8.578622341156006,False,0.43750000000000006
9,13,6,1,1736,0.7664578344735702,0.7606650004776677,0.7411155369087938,0.6702029024930334,0.8120281713245543,10.143484115600586,False,0.4222222222222223
10,14,5,1,1969,0.7571640705830579,0.7473085939211718,0.7466847660854621,0.614443271507865,0.878926260663059,12.289034366607666,False,0.4050000000000001
11,14,6,0,2217,0.760083568819742,0.7515439011624188,0.7074087802858575,0.6430459409748354,0.7717716195968796,11.136560678482056,False,0.38
12,12,5,3,2432,0.7307297921423278,0.7240920035985551,0.7789099065625065,0.7218692720148984,0.8359505411101145,10.599698543548584,False,0.35
13,13,6,1,2650,0.73012332154671,0.7260213550970578,0.7426054242749501,0.6796921602889181,0.8055186882609822,9.514821529388428,False,0.3249999999999999
14,11,5,4,2918,0.7105671908718629,0.7034264403961438,0.7425337314032984,0.6762288485255231,0.8088386142810736,16.176458597183228,False,0.29
15,12,4,4,3161,0.6755508510189888,0.6660460160531056,0.7194479251728241,0.6999108107492247,0.7389850395964236,9.988596200942993,False,0.275
16,15,3,2,3342,0.6550586207539926,0.649543086482041,0.7505916903135961,0.696132634687378,0.8050507459398142,6.937644958496094,False,0.255
17,11,5,4,3558,0.6398081280722525,0.6231871869289847,0.6905105020403544,0.6763421961038687,0.7046788079768401,9.264612913131714,False,0.26
18,14,3,3,3770,0.6150362043279032,0.604274140895961,0.6945419125756371,0.629384952831884,0.7596988723193903,8.560887813568115,False,0.24
19,11,4,5,4005,0.5929664161607743,0.5812197554089932,0.6992630282893987,0.6657909013121824,0.7327351552666149,8.197125673294067,False,0.23000000000000004
20,14,4,2,4159,0.5876764288282795,0.5719087959280272,0.6468148360556452,0.5765205592078715,0.7171091129034189,5.331083059310913,False,0.225
21,14,3,3,4361,0.5683352597556532,0.5588391732419851,0.6776872451683267,0.6642705243469905,0.6911039659896627,6.796330451965332,False,0.20999999999999996
22,16,3,1,4535,0.5657691344282912,0.5545788157298038,0.652428943286935,0.6016899260696144,0.7031679605042558,5.693488597869873,False,0.19999999999999996
23,5,8,7,4820,0.5794034067091987,0.5530749701564126,0.6827901701290975,0.6291208041768914,0.7364595360813037,9.667038679122925,False,0.20999999999999996
24,12,0,8,5083,0.5445975010593953,0.521789492770233,0.6823890497150176,0.656591527122985,0.7081865723070502,9.309849739074707,False,0.18499999999999997
25,13,2,5,5282,0.527699507116103,0.5081330999059701,0.6281869535819748,0.5968285575406853,0.6595453496232645,7.348978757858276,False,0.175
26,13,1,6,5484,0.5120218460350482,0.49139216896465765,0.6682246707458923,0.635284398534415,0.7011649429573696,7.195000886917114,False,0.165
27,17,0,3,5655,-1,0.47530204564846945,0.6599335226579957,0.5827199410185486,0.7371471042974428,5.293195724487305,True,0.14
28,12,1,7,5889,-1,0.46324172822953374,0.6591242642419433,0.6345618421589446,0.683686686324942,7.746802568435669,True,0.13000000000000003
29,15,0,5,6086,-1,0.4666740240930082,0.6754737671533753,0.6238813991458715,0.7270661351608791,7.666366338729858,True,0.11000000000000001
30,11,2,7,6373,-1,0.4363301011906112,0.6879050789446144,0.638908674700407,0.7369014831888219,10.692018270492554,True,0.1
31,14,1,5,6566,-1,0.4283530425325733,0.6443952519606762,0.6397997196031465,0.6489907843182058,6.726452112197876,True,0.09000000000000001
32,13,1,6,6787,-1,0.41533124861544984,0.6424882130618801,0.5831144104187205,0.7018620157050398,7.1504034996032715,True,0.08000000000000002
33,12,2,6,7011,-1,0.4158604137960926,0.6901324998535268,0.5960260497369314,0.7842389499701222,8.564502477645874,True,0.05
34,16,0,4,7244,-1,0.39544294788518514,0.6593059481319233,0.5867193171116102,0.7318925791522365,10.636995553970337,True,0.05
35,16,1,3,7430,-1,0.3942411444992433,0.628339596512188,0.6250989396570105,0.6315802533673655,8.299800395965576,True,0.045
36,13,2,5,7643,-1,0.3840728849952607,0.6560386456127623,0.6008880530643258,0.7111892381611987,9.933616876602173,True,0.05
37,12,1,7,7884,-1,0.3748613769951682,0.6116377019744885,0.5848911113993108,0.6383842925496662,10.300597190856934,True,0.05500000000000001
38,13,0,7,8127,-1,0.3612438221315164,0.610459302789055,0.5439183740595069,0.677000231518603,9.995604515075684,True,0.05000000000000001
39,14,3,3,8304,-1,0.3624131227110893,0.6822584199842523,0.6346204725392187,0.7298963674292858,9.754943609237671,True,0.06500000000000002
40,9,2,9,8560,-1,0.3513477822346114,0.6626372951957978,0.5941007536892653,0.7311738367023304,12.605665922164917,True,0.06499999999999999
41,11,3,6,8798,-1,0.35418882696195,0.5985012058165058,0.5718344870331582,0.6251679245998534,13.24047565460205,True,0.075
42,7,3,10,9083,-1,0.33938792489501063,0.6756804500320932,0.6337025308243621,0.7176583692398244,16.722334384918213,True,0.08499999999999999
43,13,0,7,9345,-1,0.33147795200349217,0.6113851937260475,0.5938473438662201,0.628923043585875,12.30340838432312,True,0.075
44,9,3,8,9592,-1,0.32347374713862537,0.6732562166473259,0.570011023970922,0.7765014093237298,13.528711080551147,True,0.09
45,11,0,9,9843,-1,0.31813924429807316,0.6518186691617049,0.6143357875739826,0.6893015507494272,11.931599140167236,True,0.085
46,9,2,9,10102,-1,0.3122291419750933,0.6330792558742968,0.6166993171438778,0.6494591946047157,12.885517835617065,True,0.085
47,10,3,7,10377,-1,0.30693887026832095,0.5849582597497585,0.5402222778587854,0.6296942416407314,13.536731243133545,True,0.095
48,5,2,13,10709,-1,0.2988245182512276,0.6331654784491599,0.620669692464095,0.6456612644342249,16.188841104507446,True,0.10500000000000001
49,7,2,11,11041,-1,0.2939623956405588,0.6243882226447552,0.5535057837640132,0.6952706615254973,16.827439069747925,True,0.1
50,5,3,12,11352,-1,0.2924140878319812,0.5594951645057835,0.5480749189821047,0.5709154100294622,16.21671223640442,True,0.10499999999999998
51,8,2,10,11617,-1,0.28550712551523266,0.5987956133526122,0.5715080110796105,0.626083215625614,15.541791915893555,True,0.1
52,7,3,10,11918,-1,0.28033865855864676,0.6464861707248665,0.6261724552737133,0.6667998861760196,21.856919288635254,True,0.1
53,10,2,8,12175,-1,0.2781002783667691,0.6145971807718902,0.5939280457811843,0.635266315762596,28.872546911239624,True,0.11000000000000001
54,11,2,7,12394,-1,0.27310430953342385,0.674713457883042,0.6720696848298296,0.6773572309362543,18.18113613128662,True,0.10500000000000001
55,5,2,13,12747,-1,0.27190810495838963,0.624321832103389,0.6252461355323604,0.6233975286744174,34.331815004348755,True,0.11500000000000002
56,5,4,11,13026,-1,0.2679892007874524,0.6148396913906633,0.5984300505520483,0.6312493322292784,18.956623315811157,True,0.125
57,17,0,3,13232,-1,0.2628556485402223,0.6001098876395539,0.6017602832177903,0.5984594920613174,11.788497686386108,True,0.10999999999999999
58,6,5,9,13524,-1,0.26277638407537585,0.6899264400485323,0.6633309100317636,0.716521970065301,17.935420274734497,True,0.125
59,11,0,9,13785,-1,0.25804218501958753,0.6406529936910745,0.6352670274670389,0.6460389599151103,16.465059995651245,True,0.11499999999999999
60,14,3,3,13995,-1,0.2613891276055548,0.630951873010033,0.6409685284603174,0.6209352175597486,13.10417652130127,True,0.11499999999999999
61,14,1,5,14226,-1,0.26427000095870273,0.6263820178727106,0.5941041164213701,0.6586599193240511,14.665194511413574,True,0.10999999999999999
62,7,2,11,14529,-1,0.2533314600595073,0.6087791119374193,0.6173813375953828,0.6001768862794559,18.723503828048706,True,0.10500000000000001
63,7,4,9,14788,-1,0.2532802466504127,0.648753517745494,0.6127114246188473,0.6847956108721406,16.869885444641113,True,0.11500000000000002
64,12,3,5,14993,-1,0.2497947576945922,0.6344401375709381,0.6067158054206709,0.6621644697212051,13.193436861038208,True,0.12
65,10,4,6,15189,-1,0.24808801077014125,0.6284486364569781,0.6540088766905205,0.6028883962234357,16.14968180656433,True,0.12999999999999998
66,11,0,9,15328,-1,0.2442093155225043,0.641822354887505,0.6334362384608165,0.6502084713141937,15.92698860168457,True,0.11000000000000001
67,5,1,14,15492,-1,0.24298789203338542,0.5792999956869709,0.5740418273435121,0.5845581640304297,18.19551682472229,True,0.11500000000000002
68,10,1,9,15622,-1,0.23850022399277224,0.5619721087719012,0.5726961936199083,0.5512480239238942,15.370118141174316,True,0.09500000000000001
69,11,0,9,15754,-1,0.23392221457184487,0.6086660331428597,0.5866305346956309,0.6307015315900887,15.050523281097412,True,0.09500000000000001
70,6,4,10,15895,-1,0.23544211402866275,0.6338840165852175,0.6511858988168474,0.6165821343535876,17.40360450744629,True,0.1
71,8,4,8,16000,-1,0.23350161138900605,0.6026806749045843,0.5824298741806915,0.6229314756284771,12.958412170410156,True,0.11500000000000002
72,8,1,11,16000,-1,0.22457305671087238,0.6303235586876909,0.6504050646683719,0.6102420527070098,17.25439977645874,True,0.11000000000000001
73,8,1,11,16000,-1,0.2165274504023211,0.5953102798642415,0.5606979679619677,0.6299225917665152,19.644397258758545,True,0.095
74,15,3,2,16000,-1,0.21314039656802033,0.5616825110603056,0.558975299295283,0.5643897228253283,8.263297080993652,True,0.095
75,8,4,8,16000,-1,0.20419400621604375,0.5840379816831531,0.5590946102104876,0.6089813531558188,15.917482852935791,True,0.09500000000000001
76,10,2,8,16000,-1,0.19586883795674803,0.5976340744320605,0.576514557836952,0.6187535910271691,12.645597696304321,True,0.10500000000000002
77,8,0,12,16000,-1,0.18678123380001305,0.6001143723607376,0.6426426757574428,0.5575860689640323,15.032029151916504,True,0.10000000000000002
78,10,4,6,16000,-1,0.18017252932664005,0.5740811008701692,0.5867883474725358,0.5613738542678024,10.698470115661621,True,0.11500000000000002
79,12,1,7,16000,-1,0.17105363800021897,0.583865510451329,0.5571380857840701,0.6105929351185878,11.571693181991577,True,0.12000000000000002
80,10,3,7,16000,-1,0.16317354882266763,0.6044426333277836,0.623823409754159,0.5850618569014082,10.927982330322266,True,0.11499999999999999
81,15,1,4,16000,-1,0.1574384743007088,0.5711628253517791,0.6292739235527602,0.5130517271507979,9.582211017608643,True,0.1
82,14,1,5,16000,-1,0.1579546905959843,0.5744875638836725,0.6155428524786177,0.5334322752887273,9.694818496704102,True,0.1
83,8,1,11,16000,-1,0.1511955935587613,0.5663005254980669,0.5939986902478536,0.5386023607482802,14.731489419937134,True,0.1
84,14,1,5,16000,-1,0.1457507481372194,0.6181830277384752,0.6221534718406465,0.6142125836363038,10.16597604751587,True,0.09000000000000002
85,9,2,9,16000,-1,0.14126511019305205,0.5623876869185092,0.5993568400251678,0.5254185338118506,12.514796257019043,True,0.08000000000000002
86,10,0,10,16000,-1,0.1368086877287819,0.5852761241489277,0.5774247011740951,0.5931275471237604,12.991058111190796,True,0.07
87,11,0,9,16000,-1,0.13096172014824195,0.5554447830646401,0.5910794717288129,0.5198100944004671,13.977499723434448,True,0.07
88,9,3,8,16000,-1,0.12714230855457376,0.5543776741090732,0.5739263089827987,0.5348290392353477,12.122011184692383,True,0.065
89,13,0,7,16000,-1,0.12431994607908173,0.5387321645942302,0.5554942899488745,0.521970039239586,10.735739946365356,True,0.06
90,9,1,10,16000,-1,0.12140099959046873,0.5638021188585605,0.5970423752794796,0.5305618624376413,12.49743127822876,True,0.05000000000000001
91,9,3,8,16000,-1,0.12125538285050871,0.5703889883228191,0.6489197619499194,0.49185821469571894,14.799803018569946,True,0.06
92,11,3,6,16000,-1,0.12399205729633804,0.5533886410124997,0.6460560555329008,0.4607212264920986,13.89624810218811,True,0.06999999999999999
93,8,2,10,16000,-1,0.12254029143139625,0.5301869243843766,0.5783367646538766,0.4820370841148767,12.917551279067993,True,0.075
94,7,3,10,16000,-1,0.12207743075291526,0.5753601580549306,0.6157789481392316,0.5349413679706296,18.62391448020935,True,0.08499999999999999
95,8,3,9,16000,-1,0.12373074749034615,0.5531931594438932,0.6308209769106097,0.47556534197717687,13.86928129196167,True,0.09
96,11,0,9,16000,-1,0.1206484342732184,0.5472082589277859,0.5750538294403235,0.5193626884152484,13.22706413269043,True,0.09
97,10,3,7,16000,-1,0.11959641635386623,0.5483917364336437,0.6038970113174505,0.4928864615498369,13.410174369812012,True,0.10500000000000001
98,11,0,9,16000,-1,0.1169022953519542,0.5540225134265621,0.6395944657930575,0.4684505610600666,17.34912657737732,True,0.09
99,6,5,9,16000,-1,0.11740957525343554,0.5476347967453472,0.6250320080669424,0.47023758542375194,14.118512868881226,True,0.11499999999999999
100,10,3,7,16000,-1,0.11599277185632871,0.49504273363623863,0.5688121918767283,0.42127327539574894,12.200331449508667,True,0.125
101,7,3,10,16000,-1,0.11621613776557885,0.5650838899915099,0.6446979663230713,0.4854698136599486,13.59754753112793,True,0.125
102,8,2,10,16000,-1,0.11401163483960525,0.6135225521064553,0.6896521913594045,0.5373929128535062,13.447755098342896,True,0.12000000000000002
103,12,3,5,16000,-1,0.11644263308554954,0.5519266062356059,0.6020503978763433,0.5018028145948684,10.630182027816772,True,0.125
104,9,2,9,16000,-1,0.11408514821260404,0.5631260519971385,0.6507572030954193,0.47549490089885776,9.339714288711548,True,0.12000000000000002
105,13,1,6,16000,-1,0.1137641737925005,0.5740257002434792,0.6338680732314423,0.514183327255516,8.485728740692139,True,0.11000000000000001
106,9,3,8,16000,-1,0.11304233623064715,0.5381111915777432,0.615315961688685,0.4609064214668015,9.527673959732056,True,0.125
107,8,4,8,16000,-1,0.11446011544070146,0.545094744344946,0.6212154035300169,0.4689740851598751,13.507038831710815,True,0.13
108,7,1,12,16000,-1,0.11223454371599872,0.5029505174066231,0.5535479721522117,0.4523530626610344,12.318380355834961,True,0.135
109,10,2,8,16000,-1,0.1141322562847887,0.5839202103239864,0.6425303741625618,0.5253100464854112,9.514756202697754,True,0.12000000000000002
110,12,1,7,16000,-1,0.1129359738518993,0.5690433665176502,0.592299633379303,0.5457870996559974,9.905776262283325,True,0.11000000000000003
111,9,3,8,16000,-1,0.1126987185090821,0.510572996099165,0.5409482391490992,0.4801977530492306,10.072030544281006,True,0.11000000000000001
112,8,4,8,16000,-1,0.11400883074035041,0.5834288132601931,0.6703816000577341,0.4964760264626522,11.822273015975952,True,0.12
113,7,2,11,16000,-1,0.114563500563855,0.52627857746729,0.6025623435764276,0.44999481135815245,13.691770553588867,True,0.11500000000000002
114,12,2,6,16000,-1,0.11378511935285995,0.5743663340963729,0.6178657172174806,0.5308669509752654,12.79393982887268,True,0.11500000000000003
115,9,2,9,16000,-1,0.11369853203511839,0.5518220324248896,0.6698996205804387,0.4337444442693404,10.032839298248291,True,0.12000000000000004
116,12,2,6,16000,-1,0.1126664405157323,0.5625772797882049,0.6175703960929154,0.5075841634834946,8.491986751556396,True,0.11500000000000002
117,12,2,6,16000,-1,0.11362901485053965,0.5946162545016902,0.691177137270976,0.4980553717324045,9.153114795684814,True,0.10500000000000001
118,11,3,6,16000,-1,0.11317562157912836,0.556822642769496,0.6398212049008732,0.4738240806381187,8.517001867294312,True,0.11499999999999999
119,6,4,10,16000,-1,0.11296667774668129,0.5477675792586552,0.6193993019558302,0.4761358565614802,10.010022640228271,True,0.12499999999999997
120,13,2,5,16000,-1,0.11370537302127715,0.5169444249466493,0.6206643681825403,0.4132244817107583,7.026181221008301,True,0.13
121,8,2,10,16000,-1,0.1135121773120929,0.4580949543463327,0.5393113808997406,0.37687852779292474,9.992849349975586,True,0.12500000000000003
122,11,3,6,16000,-1,0.11609754962278593,0.5146477953578685,0.5602138361063832,0.46908175460935375,8.863754034042358,True,0.12
123,10,3,7,16000,-1,0.1140594867752568,0.5050990153879406,0.5700671344784748,0.44013089629740637,8.374220609664917,True,0.12499999999999997
124,6,3,11,16000,-1,0.11625221217625006,0.5439536375128359,0.6312972972652211,0.45660997776045065,11.28273892402649,True,0.12999999999999998
125,11,1,8,16000,-1,0.11277079337771843,0.5779730110465946,0.6470950753190416,0.5088509467741476,9.361535787582397,True,0.125
126,10,1,9,16000,-1,0.11449838184787388,0.5168263949400894,0.6134475314881199,0.4202052583920589,9.005569458007812,True,0.12000000000000002
127,12,1,7,16000,-1,0.11331860387478035,0.5590672394956417,0.5744054594396805,0.5437290195516031,7.4402430057525635,True,0.11500000000000002
128,8,2,10,16000,-1,0.11247992949707421,0.5165228474360399,0.5408117279514978,0.492233966920582,9.438717365264893,True,0.11000000000000003
129,12,0,8,16000,-1,0.11094512936464464,0.5422226411347197,0.6313170941136975,0.45312818815574185,8.483461380004883,True,0.09000000000000001
130,8,3,9,16000,-1,0.10936169296021031,0.5720835051839934,0.618109916752282,0.5260570936157049,13.543592929840088,True,0.09500000000000001
131,10,1,9,16000,-1,0.1084773477892169,0.5530015427108194,0.6038777433685913,0.5021253420530474,12.18517017364502,True,0.09
132,5,4,11,16000,-1,0.10785699547895017,0.534999878327764,0.6492232998420442,0.4207764568134838,10.555601596832275,True,0.095
133,12,3,5,16000,-1,0.10741339657162322,0.4999699488930969,0.6166955931997362,0.38324430458645764,8.510416746139526,True,0.095
134,11,1,8,16000,-1,0.10719969023638849,0.5725187087377779,0.628297551134421,0.5167398663411349,13.249365091323853,True,0.085
135,6,1,13,16000,-1,0.10721382588448214,0.5611506558976798,0.6967052461304613,0.42559606566489827,17.385953426361084,True,0.085
136,10,2,8,16000,-1,0.10621873620671639,0.49402868883302636,0.5713352194431759,0.41672215822287684,15.658127307891846,True,0.09000000000000001
137,8,3,9,16000,-1,0.10431684331222811,0.5372711125594921,0.6348215729848757,0.43972065213410844,17.49614667892456,True,0.1
138,11,2,7,16000,-1,0.10529987062124743,0.5324453428719647,0.5410460737360719,0.5238446120078574,14.794854879379272,True,0.10000000000000002
139,10,2,8,16000,-1,0.10512679273600548,0.5060121819625626,0.6013239835972816,0.4107003803278436,25.71829891204834,True,0.11000000000000003
140,11,1,8,16000,-1,0.10516831789719187,0.5407388365827477,0.6126200635027377,0.4688576096627577,15.166618824005127,True,0.1
141,7,2,11,16000,-1,0.10423328208507253,0.5266595980661206,0.5864118880649987,0.46690730806724245,15.849865198135376,True,0.10500000000000001
142,6,1,13,16000,-1,0.1033651749058103,0.5363425727954058,0.6371809207857768,0.43550422480503476,15.556869268417358,True,0.09
143,10,4,6,16000,-1,0.1049746851935685,0.5390559619370145,0.5657579264365393,0.5123539974374898,12.173835039138794,True,0.095
144,11,2,7,16000,-1,0.10279977590234425,0.5147944775216371,0.554417508209249,0.4751714468340251,16.434536695480347,True,0.10000000000000002
145,10,2,8,16000,-1,0.10242045218931244,0.5633931500963709,0.6367842081437165,0.49000209204902534,10.926791429519653,True,0.10500000000000001
146,7,4,9,16000,-1,0.10416552498849724,0.4961230300537919,0.5913767543219678,0.4008693057856159,13.390831470489502,True,0.11499999999999999
147,16,1,3,16000,-1,0.10437619167145808,0.5308523660987164,0.5785969448279497,0.4831077873694833,9.097586154937744,True,0.10500000000000001
148,12,0,8,16000,-1,0.10464494086283471,0.5090898968750994,0.5514283128379285,0.4667514809122704,11.187828063964844,True,0.095
149,10,2,8,16000,-1,0.1063195200873595,0.5986493726342046,0.715162377005466,0.48213636826294326,11.149602890014648,True,0.095
150,10,3,7,16000,-1,0.10715945639722568,0.5118008799151386,0.6095336724048841,0.4140680874253929,9.460247039794922,True,0.10500000000000001
151,11,1,8,16000,-1,0.10654156892885905,0.5511016812600172,0.5981002226085362,0.5041031399114982,11.307560205459595,True,0.1
152,12,2,6,16000,-1,0.10727907799062694,0.5388913793365502,0.582445063732203,0.4953376949408974,10.557562351226807,True,0.10500000000000002
153,5,8,7,16000,-1,0.11016620936415013,0.5142498123664723,0.5905902357155512,0.4379093890173933,13.13851022720337,True,0.125
154,8,4,8,16000,-1,0.1106966544571554,0.5467653289121412,0.6171721358338023,0.47635852199048034,10.709980249404907,True,0.135
155,9,1,10,16000,-1,0.11089151804817206,0.5429016592123526,0.6799817050946998,0.40582161333000544,10.390982151031494,True,0.13
156,11,3,6,16000,-1,0.11200374143625758,0.4972291633110415,0.5432641666192679,0.4511941600028151,11.726081848144531,True,0.125
157,10,0,10,16000,-1,0.1116429655755802,0.5598325551920834,0.6397077649340657,0.4799573454501012,10.112187147140503,True,0.12
158,8,4,8,16000,-1,0.1104611080979502,0.5530890851275816,0.614656251879735,0.4915219183754282,11.850932359695435,True,0.13999999999999999
159,7,4,9,16000,-1,0.11023274735992512,0.5847424152770474,0.6897394112138518,0.4797454193402429,10.92177677154541,True,0.15
160,11,1,8,16000,-1,0.1100772919878496,0.5652655848536186,0.5872052018926018,0.5433259678146353,10.228684902191162,True,0.14
161,10,1,9,16000,-1,0.10841438583099498,0.5438727002055488,0.6230672788993422,0.4646781215117553,15.181178092956543,True,0.14
162,11,3,6,16000,-1,0.11057312103689346,0.48881814136582,0.5860794146866751,0.391556868044965,11.190264225006104,True,0.14500000000000002
163,10,2,8,16000,-1,0.11103736419573727,0.5116001080258618,0.5375185364264038,0.4856816796253198,9.378174781799316,True,0.11500000000000002
164,12,0,8,16000,-1,0.10931332299944009,0.5175089069980661,0.5408090106429315,0.4942088033532005,12.518216133117676,True,0.09500000000000001
165,10,5,5,16000,-1,0.1138237342855555,0.5277348750173967,0.5884032827255457,0.4670664673092477,8.748611450195312,True,0.11500000000000002
166,12,2,6,16000,-1,0.11453792887268774,0.4754236234741597,0.5325447290878653,0.4183025178604541,8.663658380508423,True,0.11000000000000001
167,9,3,8,16000,-1,0.11191856011082107,0.5550187860278037,0.6550822159419439,0.45495535611366344,9.212950944900513,True,0.125
168,9,3,8,16000,-1,0.11273131804852363,0.524437179232215,0.5937996894741914,0.4550746689902387,8.98385739326477,True,0.11999999999999997
169,11,2,7,16000,-1,0.11253339636653437,0.5148178433558266,0.5791188558410993,0.4505168308705537,8.392535924911499,True,0.11000000000000001
170,12,2,6,16000,-1,0.11267674677268497,0.5307083796774473,0.6077487608856549,0.4536679984692397,10.212240934371948,True,0.11500000000000002
171,7,1,12,16000,-1,0.11100348280097382,0.5145310158720808,0.5735633038148982,0.45549872792926344,10.888008117675781,True,0.11500000000000002
172,10,1,9,16000,-1,0.11180042628566833,0.5680808746673354,0.6399297651958962,0.49623198413877456,10.592146635055542,True,0.10500000000000001
173,8,2,10,16000,-1,0.1099361908829002,0.5777935522813376,0.6239935189329466,0.5315935856297286,10.252683162689209,True,0.10500000000000001
174,6,2,12,16000,-1,0.10945631076837507,0.5192338641788729,0.5670727440738653,0.47139498428388044,11.371960163116455,True,0.11500000000000002
175,10,3,7,16000,-1,0.11114792756357614,0.5083522875991343,0.548170296109744,0.46853427908852463,8.094999074935913,True,0.10500000000000001
176,11,0,9,16000,-1,0.1096123640712758,0.5327689807599114,0.5991246139526969,0.46641334756712594,13.477801322937012,True,0.095
177,9,5,6,16000,-1,0.1112003250352628,0.5329025559511882,0.6271634420839834,0.438641669818393,7.728069305419922,True,0.10499999999999998
178,13,0,7,16000,-1,0.11139596545384839,0.5204774561439476,0.6069002020508655,0.4340547102370296,7.95025372505188,True,0.09
179,10,1,9,16000,-1,0.10911322063980097,0.5150917370837307,0.5538573898283186,0.4763260843391428,8.02540922164917,True,0.085
180,11,3,6,16000,-1,0.11096227159534668,0.5246178157650356,0.5840486702022464,0.46518696132782494,6.845598936080933,True,0.09000000000000001
181,15,0,5,16000,-1,0.10948515828425592,0.5602836828959229,0.640238845495027,0.4803285202968189,8.54111123085022,True,0.085
182,11,1,8,16000,-1,0.10809790193442669,0.5821004029554799,0.643322862370086,0.5208779435408739,11.394161462783813,True,0.085
183,9,2,9,16000,-1,0.10936982411865481,0.5265126196263071,0.6025886183449783,0.450436620907636,11.085433006286621,True,0.085
184,13,1,6,16000,-1,0.10919497820922469,0.567354874786097,0.6229275126270449,0.5117822369451491,7.703598260879517,True,0.08
185,7,1,12,16000,-1,0.10679449101994945,0.5448270377988862,0.6001783300037487,0.48947574559402374,10.89115834236145,True,0.07
186,11,2,7,16000,-1,0.10637763308864111,0.5125053449983451,0.5952281187188979,0.42978257127779224,9.199480772018433,True,0.08
187,10,1,9,16000,-1,0.10438455990726564,0.5466712863066365,0.5672919056116137,0.5260506670016595,10.485323190689087,True,0.06
188,10,1,9,16000,-1,0.10456869703168024,0.5563747325569611,0.6419162341411747,0.47083323097274754,8.331806898117065,True,0.065
189,9,1,10,16000,-1,0.1009099895303032,0.5597279022984483,0.5948129707598316,0.5246428338370649,10.72946548461914,True,0.06500000000000002
190,6,3,11,16000,-1,0.10113255574383047,0.510111201922534,0.6026587646622863,0.41756363918278167,10.349117517471313,True,0.06499999999999999
191,8,1,11,16000,-1,0.1005504118277635,0.5578262875094456,0.6243049118698281,0.49134766314906314,10.425402164459229,True,0.06999999999999999
192,15,1,4,16000,-1,0.09991313225596977,0.5776951621167123,0.6667720502123174,0.48861827402110714,7.431265354156494,True,0.07
193,13,1,6,16000,-1,0.10050042572198525,0.5370871521341646,0.5860843152719988,0.48808998899633044,9.393906116485596,True,0.06500000000000002
194,12,2,6,16000,-1,0.1013561899026781,0.5403952494656113,0.6018214168304739,0.4789690821007489,8.656225442886353,True,0.06999999999999999
195,10,0,10,16000,-1,0.10026284071414356,0.5032327217936254,0.58249051090746,0.4239749326797908,12.635427951812744,True,0.065
196,10,2,8,16000,-1,0.10003383846177137,0.5109656071573063,0.5584666780841989,0.46346453623041384,9.562315702438354,True,0.065
197,8,0,12,16000,-1,0.09910242017150778,0.5196069942752778,0.6462878694044686,0.39292611914608694,12.660937309265137,True,0.06
198,7,4,9,16000,-1,0.09835627486793479,0.5348175205356942,0.5888590416857746,0.48077599938561383,9.936716794967651,True,0.075
199,10,0,10,16000,-1,0.09808795348862917,0.505815605692308,0.6095859246631744,0.4020452867214415,11.304835796356201,True,0.06999999999999999
200,8,1,11,16000,-1,0.09834971945341922,0.5258350417758348,0.5841385783746132,0.46753150517705655,10.163130283355713,True,0.06000000000000001
201,14,1,5,16000,-1,0.09921956102189648,0.5718172451213724,0.5894086252914866,0.5542258649512583,7.769867420196533,True,0.06000000000000001
202,10,3,7,16000,-1,0.10028696256766538,0.5406267510571753,0.6013149795228057,0.47993852259154485,8.130162954330444,True,0.07
203,9,2,9,16000,-1,0.10049331532640304,0.5750022221558366,0.6463816923851822,0.5036227519264912,8.70244574546814,True,0.075
204,9,2,9,16000,-1,0.09972066527860504,0.5701142405163002,0.6203162048850707,0.5199122761475297,9.027272701263428,True,0.075
205,7,3,10,16000,-1,0.10042316958393278,0.5219820496275095,0.5858973486756907,0.45806675057932833,11.058979511260986,True,0.09
206,10,1,9,16000,-1,0.09974085409902901,0.5206465567977641,0.5720837772201439,0.46920933637538415,11.28212308883667,True,0.08499999999999999
207,12,1,7,16000,-1,0.10062002242383353,0.5512481872072895,0.6371372058982976,0.4653591685162814,9.27965235710144,True,0.09
208,8,1,11,16000,-1,0.09907543063721685,0.5452542664688903,0.6054902198516968,0.48501831308608373,11.83980107307434,True,0.07500000000000001
209,9,3,8,16000,-1,0.09736271027724161,0.5524625854846468,0.6238772306693142,0.4810479402999793,8.46983003616333,True,0.09000000000000001
210,10,0,10,16000,-1,0.09743635642246298,0.5378122712127434,0.6263485684899455,0.44927597393554136,11.232623100280762,True,0.08500000000000002
211,11,0,9,16000,-1,0.09598623215432635,0.5546342281917803,0.6176597613942495,0.49160869498931115,10.783867835998535,True,0.08000000000000002
212,9,1,10,16000,-1,0.09560878731089464,0.5228441132079872,0.5803000549661529,0.4653881714498215,10.908305644989014,True,0.06999999999999999
213,8,1,11,16000,-1,0.09509281596328854,0.5632342448235189,0.6448271352056053,0.4816413544414325,11.909032583236694,True,0.065
214,8,3,9,16000,-1,0.09590177277438457,0.5140831562706,0.5779114240399692,0.4502548885012307,9.289917469024658,True,0.06999999999999999
215,11,0,9,16000,-1,0.09446232523207815,0.5353731965382295,0.5894752064320125,0.4812711866444465,9.137722969055176,True,0.05500000000000001
216,10,3,7,16000,-1,0.09470082072686305,0.5494295785527901,0.6217871462145271,0.4770720108910529,7.53227424621582,True,0.065
217,9,3,8,16000,-1,0.0950081371807537,0.5951558231458309,0.6352542315555554,0.5550574147361065,8.715040683746338,True,0.075
218,8,1,11,16000,-1,0.09354078220987806,0.5269848764023958,0.6020361742960545,0.4519335785087371,10.397251605987549,True,0.07500000000000001
219,9,1,10,16000,-1,0.09148861279011945,0.5967626302032109,0.6510865220406469,0.5424387383657748,9.35707712173462,True,0.06500000000000002
220,9,0,11,16000,-1,0.0910579117846027,0.5388210517992819,0.5971225524082668,0.4805195511902968,10.548968076705933,True,0.06500000000000002
221,14,2,4,16000,-1,0.09148732188306301,0.5445491072470112,0.6077703371703339,0.48132787732368865,6.701685428619385,True,0.07500000000000001
222,8,1,11,16000,-1,0.09095153860644073,0.579982548427641,0.6731128799089088,0.4868522169463731,9.791069507598877,True,0.07500000000000001
223,9,1,10,16000,-1,0.08987348268567878,0.5077664244614564,0.5629206331185316,0.45261221580438127,9.775477886199951,True,0.075
224,11,2,7,16000,-1,0.0909003732486632,0.5444270657289003,0.5707744518396479,0.5180796796181528,7.264401435852051,True,0.07
225,8,2,10,16000,-1,0.08943052447990972,0.55197929753667,0.545360711688747,0.558597883384593,10.519037246704102,True,0.08
226,10,0,10,16000,-1,0.08903015384822255,0.5157620878607241,0.5623756610790941,0.46914851464235413,10.304292917251587,True,0.06499999999999999
227,11,0,9,16000,-1,0.08710454017575676,0.5537480414914739,0.5626654261710278,0.54483065681192,8.84663701057434,True,0.05
228,8,4,8,16000,-1,0.0884033488651949,0.5136522865140424,0.5640328813850278,0.46327169164305687,8.424877166748047,True,0.06499999999999999
229,10,3,7,16000,-1,0.08663028528273874,0.5187783646783615,0.5328630791363903,0.5046936502203327,8.037654638290405,True,0.07500000000000001
230,9,3,8,16000,-1,0.08627160958114853,0.5583150904606129,0.5871712838995534,0.5294588970216723,9.736943006515503,True,0.09000000000000001
231,13,2,5,16000,-1,0.08618879794897402,0.6003122607518503,0.6345439514551241,0.5660805700485764,6.942357063293457,True,0.09
232,10,2,8,16000,-1,0.08406274015361287,0.5414722072564776,0.5990577360490097,0.48388667846394545,8.036964893341064,True,0.095
233,10,3,7,16000,-1,0.08556328124835959,0.5587010427548418,0.5765956434122034,0.5408064420974802,8.100840091705322,True,0.10500000000000001
234,13,2,5,16000,-1,0.08622102841326278,0.575406343598424,0.6263759409394675,0.5244367462573807,6.8860392570495605,True,0.10500000000000001
235,7,6,7,16000,-1,0.0878657417858082,0.5280138040828735,0.5864304399409326,0.4695971682248143,7.394715309143066,True,0.125
236,9,1,10,16000,-1,0.08669179257749478,0.5926664472458476,0.634034220383157,0.5512986741085381,8.342294692993164,True,0.13
237,12,2,6,16000,-1,0.08771446386961233,0.526904157419162,0.5432754433394203,0.5105328714989036,7.092382907867432,True,0.14
238,8,5,7,16000,-1,0.0890476510066561,0.5564264259618263,0.5991940868607888,0.5136587650628639,9.070636510848999,True,0.14500000000000002
239,9,5,6,16000,-1,0.09097104472522441,0.5623897728397529,0.5821684518778923,0.5426110938016134,6.872315168380737,True,0.155
240,10,1,9,16000,-1,0.08917719590375885,0.5353641931359712,0.5723271698026946,0.4984012164692478,8.327209949493408,True,0.145
241,8,4,8,16000,-1,0.09211069403564615,0.5360419250421647,0.6556518805592705,0.416431969525059,13.576753377914429,True,0.15499999999999997
242,9,0,11,16000,-1,0.09140388069356001,0.5632647900763218,0.6379392186319587,0.4885903615206849,19.45156717300415,True,0.14500000000000002
243,8,2,10,16000,-1,0.09023382994473973,0.5579841970964264,0.6437988722749409,0.47216952191791195,11.323742866516113,True,0.14
244,10,3,7,16000,-1,0.09076464900235874,0.5662569468240644,0.6145702583227716,0.517943635325357,8.932230234146118,True,0.145
245,11,0,9,16000,-1,0.09047659958307899,0.5788855688992458,0.5955334401223819,0.5622376976761099,11.50585389137268,True,0.11500000000000002
246,6,3,11,16000,-1,0.08913131913032447,0.5534889210663606,0.5969287635681246,0.5100490785645966,15.438695669174194,True,0.125
247,12,1,7,16000,-1,0.08943936339356026,0.5068420159630564,0.5753772102704098,0.4383068216557032,10.686614513397217,True,0.12
248,7,0,13,16000,-1,0.08905818531543466,0.5327083888075814,0.6103380342712661,0.45507874334389664,11.53049349784851,True,0.095
249,14,0,6,16000,-1,0.0881400254426579,0.5708750045890832,0.627800456380124,0.5139495527980424,7.944474935531616,True,0.07
250,13,1,6,16000,-1,0.08767894159726602,0.5544273657963786,0.6479503740307528,0.4609043575620044,8.2520170211792,True,0.07000000000000002
251,10,5,5,16000,-1,0.08990789698944597,0.5264284623247646,0.5766852568650772,0.47617166778445197,7.813723802566528,True,0.075
252,10,1,9,16000,-1,0.08914762103967203,0.5516172804329402,0.6378765290689551,0.4653580317969254,9.827713251113892,True,0.08
253,7,5,8,16000,-1,0.09112955796789181,0.541173118812819,0.5744207457072779,0.5079254919183603,8.930833339691162,True,0.095
254,9,3,8,16000,-1,0.09254526882957431,0.5640872903823859,0.6367832206203551,0.49139136014441676,8.244900465011597,True,0.095
255,10,3,7,16000,-1,0.09231197522997807,0.5804992709919609,0.6315828152122871,0.5294157267716346,8.184803485870361,True,0.11000000000000001
256,14,3,3,16000,-1,0.0925404539346586,0.548517069809265,0.5541577853759646,0.5428763542425653,5.966007471084595,True,0.10999999999999999
257,11,3,6,16000,-1,0.09425284108096782,0.5764579561442763,0.5832781333014927,0.5696377789870599,8.136809349060059,True,0.12
258,6,1,13,16000,-1,0.09282909546393213,0.511818405491068,0.5560381984515648,0.4675986125305713,11.995262622833252,True,0.125
259,10,2,8,16000,-1,0.0939032776550184,0.5718896462338974,0.6297086217248931,0.5140706707429017,10.3451566696167,True,0.135
260,8,3,9,16000,-1,0.09240803513598837,0.47281809956354615,0.4907845632688123,0.4548516358582799,10.214102983474731,True,0.145
261,12,0,8,16000,-1,0.09321108344963364,0.48837349779481776,0.5365666666997354,0.44018032888990005,9.439982891082764,True,0.12
262,9,4,7,16000,-1,0.09379250648546533,0.5324009135061185,0.5759205816312367,0.4888812453810002,8.88282585144043,True,0.135
263,9,1,10,16000,-1,0.09531660635302516,0.5172752334499742,0.6055544099282173,0.42899605697173093,11.811980247497559,True,0.11500000000000002
264,11,3,6,16000,-1,0.09694956238434128,0.5251582049174047,0.5744859930274087,0.47583041680740074,7.829251050949097,True,0.11499999999999999
265,7,2,11,16000,-1,0.09718336125828507,0.503363945576256,0.5593372421940349,0.44739064895847697,10.095311641693115,True,0.11000000000000001
266,6,2,12,16000,-1,0.09813642476524517,0.5455928888636454,0.6187603071263513,0.4724254706009396,12.167621374130249,True,0.10500000000000002
267,9,0,11,16000,-1,0.09676065486687055,0.572689973537898,0.6679765433929273,0.4774034036828686,10.78256368637085,True,0.09
268,6,2,12,16000,-1,0.09697678378491,0.5194645327661451,0.5852844905238567,0.45364457500843347,12.208324432373047,True,0.095
269,11,0,9,16000,-1,0.0954167205614423,0.586419019069395,0.6483315893993908,0.5245064487393992,11.044569730758667,True,0.08499999999999999
270,9,5,6,16000,-1,0.09586169335062147,0.5458141710334916,0.6211279090867089,0.4705004329802744,8.704408645629883,True,0.095
271,8,1,11,16000,-1,0.0949199296647666,0.5335953131751415,0.566479402254683,0.5007112240956001,11.83797311782837,True,0.1
272,8,6,6,16000,-1,0.09636648589050968,0.5208913627944299,0.5813272646287188,0.4604554609601411,7.193927049636841,True,0.11000000000000001
273,12,3,5,16000,-1,0.09703903181801547,0.5537724292324717,0.6889870477775453,0.4185578106873982,7.023066520690918,True,0.12
274,9,0,11,16000,-1,0.09697768736920567,0.5401030773567739,0.6151613301730242,0.46504482454052354,10.603896617889404,True,0.10500000000000001
275,11,0,9,16000,-1,0.09697999580732203,0.5183808594481873,0.5797899756494326,0.4569717432469421,10.685045003890991,True,0.095
276,9,1,10,16000,-1,0.09894266573644708,0.523308983711601,0.5676656855966592,0.4789522818265427,13.80967116355896,True,0.09
277,8,1,11,16000,-1,0.09785788139196631,0.5403900232994492,0.5947609857673122,0.4860190608315861,12.372283935546875,True,0.095
278,9,2,9,16000,-1,0.09802211995109376,0.5068417541415025,0.6091841687436709,0.404499339539334,10.810497045516968,True,0.095
279,6,4,10,16000,-1,0.09827322758202989,0.5222755397962062,0.556279460764539,0.4882716188278734,9.8823561668396,True,0.11500000000000002
280,8,4,8,16000,-1,0.09902173999474206,0.5254880346755311,0.561284101238255,0.4896919681128072,8.92318868637085,True,0.11000000000000001
281,9,2,9,16000,-1,0.09765230071887923,0.5360381070361873,0.6379803098041819,0.43409590426819256,10.431859016418457,True,0.11499999999999999
282,9,4,7,16000,-1,0.09882632178003027,0.5643985848565576,0.5938108346565624,0.5349863350565528,9.727801084518433,True,0.10500000000000001
283,11,0,9,16000,-1,0.09650593824262452,0.5344039927174264,0.5886082844402836,0.48019970099456927,10.989617586135864,True,0.09000000000000001
284,7,3,10,16000,-1,0.0960105423576157,0.5312916447987,0.596464862467417,0.4661184271299828,13.569895267486572,True,0.10500000000000001
285,5,1,14,16000,-1,0.09510350635857055,0.5485852728277723,0.6392271457012803,0.45794339995426436,10.642672538757324,True,0.11000000000000001
286,10,2,8,16000,-1,0.09549777782082007,0.5243420655861086,0.6318594616162264,0.41682466955599085,8.105771541595459,True,0.11500000000000002
287,11,1,8,16000,-1,0.09536114495387435,0.5464293992398334,0.5937804416547612,0.4990783568249055,7.292272329330444,True,0.11500000000000002
288,12,0,8,16000,-1,0.09482698233753772,0.5395823671344426,0.6208441422465241,0.4583205920223613,8.152336597442627,True,0.10500000000000001
289,11,0,9,16000,-1,0.09525272441665442,0.5447728934711933,0.6494767423241259,0.4400690446182607,8.493366003036499,True,0.085
290,6,7,7,16000,-1,0.09885788115201598,0.5397493942432825,0.6274850662643972,0.4520137222221679,6.762432098388672,True,0.1
291,7,4,9,16000,-1,0.0993447245012048,0.5460026473645523,0.6190007174938672,0.4730045772352374,7.2520153522491455,True,0.11000000000000001
292,8,2,10,16000,-1,0.10001813785214506,0.5393007833091116,0.6096165046143802,0.4689850620038429,9.310391902923584,True,0.09999999999999999
293,10,0,10,16000,-1,0.09933999006939034,0.5373459676436745,0.5678900685880098,0.506801866699339,8.612473964691162,True,0.09999999999999999
294,8,1,11,16000,-1,0.09870434956124324,0.5290538204413756,0.6043385849115592,0.45376905597119194,10.54897403717041,True,0.09
295,11,2,7,16000,-1,0.09852496050274867,0.5434498863082077,0.6152233894201669,0.4716763831962485,8.658309698104858,True,0.095
296,13,0,7,16000,-1,0.09719094994813311,0.5687315337104917,0.6006263768099347,0.5368366906110488,8.028985261917114,True,0.08499999999999999
297,9,2,9,16000,-1,0.09566218054183839,0.4846876945595704,0.5334048023810949,0.43597058673804595,7.887531757354736,True,0.09
298,13,1,6,16000,-1,0.09603123727734468,0.5296398441774232,0.589487224021057,0.46979246433378935,6.413455009460449,True,0.095
299,8,3,9,16000,-1,0.09624854708216286,0.5086980314448538,0.5328168426804624,0.4845792202092453,8.799724578857422,True,0.11000000000000001
300,10,1,9,16000,-1,0.09565303945742593,0.5588970266281983,0.6664506855203332,0.4513433677360634,9.531110525131226,True,0.08000000000000002
