iteration,wins_X,wins_O,draws,buffer_size,value_loss,policy_loss,value_error_vs_solver,value_error_X,value_error_O,elapsed_sec
1,8,10,2,187,0.9026743078706114,1.521930218109416,0.7313209871785256,0.7279253702875872,0.734716604069464,6.926074266433716
2,16,4,0,365,0.8949828587156179,1.5664475564786144,0.766247004493773,0.7458500549258879,0.7866439540616582,6.320222616195679
3,7,10,3,573,0.8114180521559541,1.5726600447482955,0.815371647238257,0.7400542993965897,0.8906889950799242,8.294026613235474
4,10,10,0,731,0.7788322185596264,1.5672669493583373,0.8248201524890966,0.8002477275930557,0.8493925773851374,5.805043458938599
5,12,8,0,945,0.8271847889865148,1.575716428325166,0.7994879116059947,0.7627582605453648,0.8362175626666246,8.755725383758545
6,14,5,1,1168,0.7924693755531762,1.5558367779795366,0.7777497030740315,0.750044811914065,0.805454594233998,8.882286071777344
7,11,9,0,1311,0.7541686252426901,1.5357704396331635,0.7517102164026811,0.6400486992182717,0.8633717335870905,5.317410230636597
8,13,6,1,1483,0.7196066399397729,1.5167804156278613,0.7824999462483326,0.7066599217420474,0.8583399707546179,8.254238843917847
9,18,2,0,1615,0.6707963435535169,1.5023653965212036,0.7581229140642123,0.6593373886125782,0.8569084395158463,5.783510208129883
10,14,3,3,1817,0.6375393080674658,1.4834025938338242,0.8071195801803734,0.6840505398347527,0.930188620525994,7.93684458732605
11,17,3,0,1964,0.613444826791175,1.4631833738492404,0.7705015552547358,0.6822635884549628,0.858739522054509,5.331444978713989
12,13,5,2,2184,0.6210096682431565,1.4343579839199059,0.7445875632875206,0.6573997258827179,0.8317754006923234,7.618342399597168
13,16,4,0,2342,0.6018718607366494,1.4063797495316113,0.74960766964308,0.6219384458983398,0.8772768933878202,5.765263795852661
14,15,5,0,2511,0.5972017438365124,1.3855332787363683,0.742606930821905,0.592589089195794,0.8926247724480161,6.819425582885742
15,12,7,1,2722,0.6016304595772062,1.3466729848215295,0.7517909807952742,0.6567304491813323,0.8468515124092161,7.702439069747925
16,14,4,2,2929,0.5797420231320084,1.3164184100676573,0.7651994722270019,0.6971013124657138,0.8332976319882899,7.662612438201904
17,16,4,0,3083,0.5730918972163775,1.2893786692303948,0.7046859698437173,0.6406965509216423,0.7686753887657923,3.820713520050049
18,13,3,4,3293,0.5500928895725763,1.255544663459419,0.7362124458939563,0.6313566898071858,0.8410682019807266,6.505575656890869
19,17,2,1,3455,0.5288097332900966,1.2212592954655723,0.7519408795194837,0.6841139633073001,0.8197677957316674,4.667558670043945
20,18,2,0,3603,0.5174645126164583,1.20341250215716,0.7125084824847387,0.6265999778868141,0.7984169870826633,4.352307319641113
21,15,4,1,3783,0.5116740607924485,1.175027208320449,0.7013227806098752,0.6170383272333047,0.7856072339864458,4.38505744934082
22,15,3,2,3950,0.5080021372939875,1.1571157318539385,0.7005765110878834,0.613513005700077,0.7876400164756897,5.1412129402160645
23,16,1,3,4140,0.48467480542446995,1.131431798070789,0.650152070479501,0.51821014240969,0.7820939985493119,5.8114330768585205
24,17,1,2,4348,0.4662597325744954,1.112774911726365,0.7021424105416963,0.6101592564179924,0.7941255646654003,6.4240803718566895
25,14,5,1,4526,0.4707613408289734,1.099147418053695,0.6486449017337366,0.5939336898765479,0.7033561135909251,4.605443239212036
26,15,0,5,4736,0.44673873344127707,1.0698004544497721,0.681809105048826,0.6029247655092667,0.7606934445883854,7.834596395492554
27,17,1,2,4948,0.4326095827470122,1.0574422011948437,0.6433614214202021,0.5851844686219995,0.7015383742184049,7.635478496551514
28,15,2,3,5161,0.4257213899282264,1.0264625008217596,0.6792056134907473,0.6114105395568956,0.7470006874245989,7.904064893722534
29,9,3,8,5462,0.42084145457641964,1.0071823482681135,0.6973109730193428,0.6740382816134656,0.72058366442522,11.242546796798706
30,11,5,4,5686,0.4239433066776095,0.9936477591897692,0.6860868092861206,0.6048479661441021,0.7673256524281392,7.3737404346466064
31,10,3,7,5982,0.4204929385970634,0.9727218135829755,0.6666115613815091,0.6234418299785051,0.7097812927845132,11.137408018112183
32,8,1,11,6341,0.4033276451979524,0.9510869410652529,0.6546405770519361,0.6100504155110223,0.69923073859285,12.26140832901001
33,4,2,14,6866,0.3863180137160476,0.9140091590452735,0.6517477579148351,0.6004332182120828,0.7030622976175873,20.29196333885193
34,7,0,13,7185,0.3663368801634514,0.8843079355358072,0.6605136446866721,0.625175665944136,0.6958516234292081,11.05585789680481
35,9,2,9,7467,0.3559110007987111,0.8658321503725745,0.6394811793911139,0.5645822697266613,0.7143800890555667,10.013383388519287
36,6,2,12,7831,0.34326711921170394,0.8498522392819516,0.6350200918216953,0.5890061688864803,0.6810340147569102,13.479456424713135
37,4,2,14,8240,0.32993207518980117,0.8266086269831917,0.5700150173544442,0.5594525421071493,0.580577492601739,14.221987247467041
38,3,2,15,8639,0.31855908596974547,0.8063828663963849,0.6091261147673663,0.5538776251505841,0.6643746043841485,13.73295545578003
39,4,2,14,8999,0.3097158611350195,0.7896634389855675,0.6134517559060055,0.5564333534237755,0.6704701583882356,14.047035455703735
40,6,1,13,9253,0.30012929572539576,0.7795822229895156,0.6004502607456319,0.5838247046408301,0.6170758168504337,11.022652864456177
41,5,3,12,9543,0.2969071487930609,0.7702938472998389,0.6311935317764233,0.5998800793189395,0.6625069842339072,11.227030754089355
42,8,1,11,9806,0.29429002613650124,0.7641800097222965,0.5756020417939849,0.53107524690552,0.6201288366824497,9.577651977539062
43,10,5,5,10008,0.29200395612496355,0.7605945728360368,0.5834081343705497,0.573580109550179,0.5932361591909203,6.854741811752319
44,7,1,12,10286,0.2864095079005823,0.7496101516494953,0.6069893702436217,0.5397004558562022,0.6742782846310411,8.585081100463867
45,11,1,8,10517,0.2814265803974959,0.7438962198865506,0.5632167356061033,0.5323450733182196,0.5940883978939872,7.614543676376343
46,6,6,8,10735,0.28161095482157206,0.7381754971605807,0.5603113095932322,0.5311561098413939,0.5894665093450703,8.14353084564209
47,12,3,5,10925,0.2824723973835287,0.7387097200837198,0.5754826196243488,0.5828705962117304,0.5680946430369671,7.218708038330078
48,13,2,5,11119,0.2778218161199911,0.7352572597349774,0.5868872445972318,0.5787404095695349,0.5950340796249288,6.380746603012085
49,13,2,5,11337,0.2769950956248096,0.7330109280413539,0.5898130082669861,0.5953786990434383,0.584247317490534,7.014547109603882
50,13,4,3,11508,0.27802546353093094,0.7294046324773413,0.5583298400271945,0.5382154036573982,0.5784442763969908,5.963932991027832
51,10,2,8,11743,0.27376581902892216,0.726489477851529,0.6080253094752753,0.6122117860411649,0.6038388329093858,9.105648517608643
52,14,1,5,11940,0.27422039748260885,0.7249451962074422,0.6020546818893175,0.6030090893900233,0.6011002743886118,6.394125938415527
53,11,2,7,12164,0.2719025438072767,0.7206606552496062,0.5409274345667088,0.5168360109430274,0.5650188581903902,7.064473867416382
54,12,2,6,12365,0.2702635743546173,0.7196094351482338,0.5776247005520061,0.6116667822025457,0.5435826189014666,5.24681282043457
55,15,1,4,12551,0.27053021538135713,0.7193293378018443,0.5980588824119901,0.5474037841363906,0.6487139806875897,5.553682565689087
56,11,2,7,12775,0.26792930597540093,0.7152019811202772,0.5517140185626945,0.4903529865198709,0.613075050605518,7.181655645370483
57,13,3,4,12946,0.26642956507808113,0.7151056441582441,0.5629844408641078,0.5351580072452086,0.590810874483007,5.831562757492065
58,16,0,4,13130,0.2623998939648225,0.7134772336306989,0.6005276683395011,0.6057351664393842,0.5953201702396179,6.16817569732666
59,16,1,3,13306,0.2611914218614214,0.712563172782561,0.5852903700877794,0.6189765150629993,0.5516042251125596,5.118070125579834
60,13,2,5,13481,0.2614994846310882,0.709778308509794,0.6123674687853125,0.6047671479466828,0.6199677896239422,5.965371131896973
61,16,1,3,13643,0.25925861253095894,0.7081648631213,0.5720241230888281,0.5527323858539542,0.5913158603237021,5.330646991729736
62,16,0,4,13828,0.2583463105115313,0.707641893990617,0.5622830711979871,0.5296024370730671,0.5949637053229071,6.060112476348877
63,19,0,1,13974,0.256850898960131,0.7076498734990209,0.5921348858307944,0.6004599182653406,0.5838098533962481,4.48844051361084
64,15,1,4,14161,0.25458581894293214,0.7050838409151232,0.584788255691568,0.5644662597164627,0.6051102516666733,6.6065673828125
65,17,2,1,14333,0.25521138543073507,0.7033468752751015,0.5730024117203343,0.5601701485913155,0.585834674849353,5.184633255004883
66,18,0,2,14488,0.25389443312801385,0.7028419013566185,0.5118693825433431,0.5028631718093992,0.520875593277287,4.663271903991699
67,16,0,4,14683,0.2508479063260332,0.6983101513419209,0.5726524461175142,0.6032484326493985,0.54205645958563,6.864534854888916
68,15,1,4,14878,0.24841292647299285,0.6999167777625961,0.58646706628735,0.6170535621831098,0.5558805703915902,6.9200639724731445
69,15,0,5,15037,0.24481078432705233,0.6942982418765249,0.5479945560366375,0.538105766133348,0.5578833459399268,6.171073913574219
70,17,0,3,15109,0.24267289374328144,0.6878329928088633,0.5257321060817064,0.47410015054419347,0.5773640616192194,5.289058208465576
71,16,1,3,15181,0.23937138092973104,0.6833082397501566,0.5479988137288676,0.5810409505947198,0.5149566768630155,6.182642698287964
72,17,0,3,15264,0.23487283369593237,0.675786119263782,0.5581522150845415,0.5569742634177756,0.5593301667513074,6.703231573104858
73,18,0,2,15340,0.2292678549834411,0.6695598208377054,0.5163504767085412,0.4708459629025543,0.561854990514528,5.244094371795654
74,16,1,3,15420,0.22623841462993494,0.6645280190799487,0.5168594051045919,0.4999735189662978,0.533745291242886,5.509960174560547
75,17,0,3,15493,0.22353157998518275,0.6600884637490512,0.5727787409966762,0.5721904163903584,0.5733670656029942,4.804399728775024
76,19,0,1,15551,0.22108375380633044,0.6565833065362103,0.6091105243601294,0.5406765588984412,0.6775444898218174,3.7187700271606445
77,18,0,2,15623,0.21580107043482033,0.6506239550998038,0.526135863523455,0.42629520896663736,0.6259765180802725,3.89371657371521
78,16,1,3,15702,0.21619793900920492,0.6492668671652935,0.511997048562673,0.478759902732708,0.5452341943926381,5.151432514190674
79,15,1,4,15793,0.21470847858935482,0.6456508861584145,0.5106955645304327,0.5192463669850337,0.5021447620758317,6.230300188064575
80,18,0,2,15858,0.21249655718117885,0.6430583151186714,0.5697833446234956,0.5431568939608183,0.5964097952861728,5.130973815917969
81,15,2,3,15936,0.20808091567403342,0.640152379207318,0.5186127402750558,0.5023792487815786,0.534846231768533,4.1916115283966064
82,14,0,6,16000,0.20604539669692273,0.6352852881552914,0.5867011843390302,0.5637747407187489,0.6096276279593115,7.645020008087158
83,19,0,1,16000,0.2001982406138912,0.6321670819399065,0.5671796245341059,0.570640173458518,0.5637190756096937,5.717334985733032
84,19,1,0,16000,0.1974875477960777,0.628958786313113,0.4973614794407216,0.4655032630564525,0.5292196958249907,5.129653215408325
85,18,2,0,16000,0.1945016634133768,0.6269965148478306,0.5471588080848993,0.5805068656570989,0.5138107505126996,4.758548021316528
86,20,0,0,16000,0.19173043641813017,0.6242543351409908,0.5325518240936886,0.5359382678192818,0.5291653803680954,4.25849723815918
87,19,0,1,16000,0.18891015758726892,0.6210620893495259,0.5589766610101026,0.5408713537212205,0.5770819682989846,4.616984605789185
88,17,1,2,16000,0.18448711643346044,0.6195888517876491,0.4952768137577138,0.4732888899782626,0.5172647375371651,4.917367219924927
89,19,1,0,16000,0.18137006710132736,0.6170533689730036,0.5268458273046223,0.493150067183529,0.5605415874257156,4.350988149642944
90,19,1,0,16000,0.17923580739821138,0.6175281098354881,0.5256376044114621,0.505622409179839,0.5456527996430851,4.3260180950164795
91,18,1,1,16000,0.17845922218737517,0.6156378653794029,0.5096174048685888,0.4869533401087365,0.532281469628441,4.505985260009766
92,18,1,1,16000,0.1751086415733174,0.6135678172419314,0.5411973484152962,0.5362552239419882,0.5461394728886042,5.234113693237305
93,17,0,3,16000,0.17137136690192395,0.6116333620795656,0.5107057164842614,0.5106979692896978,0.5107134636788252,6.57348370552063
94,17,1,2,16000,0.17036773920823442,0.6079666429914437,0.5506597648697477,0.5619485463445149,0.5393709833949805,5.865437746047974
95,15,1,4,16000,0.16818570421058338,0.6051946534637085,0.47318417428319104,0.45119394645533467,0.49517440211104746,7.359591484069824
96,19,1,0,16000,0.1672832916927251,0.6032747203974704,0.5230076019315412,0.4872678811306043,0.558747322732478,4.6340203285217285
97,17,3,0,16000,0.16515141407909653,0.6022040537661187,0.5188364961576604,0.5439280197417568,0.49374497257356403,5.214712858200073
98,19,0,1,16000,0.1638266679512772,0.6021312776640801,0.4730744545384004,0.44212688703449965,0.5040220220423012,4.060968637466431
99,20,0,0,16000,0.16177616149022261,0.602018160035126,0.5712380580054319,0.5900666391009112,0.5524094769099528,3.832730531692505
100,18,1,1,16000,0.15969943701346748,0.5995384542009174,0.4815349248381122,0.46020093761875724,0.5028689120574672,4.926843643188477
101,19,0,1,16000,0.1565101375125403,0.5999912566746305,0.5189634536141712,0.5309017459148923,0.50702516131345,4.298545837402344
102,17,0,3,16000,0.1534336274868098,0.5966801993949555,0.4864803733151323,0.48474569426144787,0.4882150523688167,5.453414678573608
103,19,1,0,16000,0.15309111374778112,0.5975519800339881,0.5166889513643139,0.4955158993856708,0.537862003342957,4.487893342971802
104,18,1,1,16000,0.1506585786136836,0.5958940775616106,0.5020213209499444,0.5040082852385096,0.5000343566613793,5.468110799789429
105,20,0,0,16000,0.1486398268720993,0.5960668867399483,0.5377813255155595,0.5654613645099372,0.5101012865211818,4.714588165283203
106,19,1,0,16000,0.1485724287341542,0.596455419222717,0.5025658173660011,0.5265727237144103,0.47855891101759196,5.095609426498413
107,18,1,1,16000,0.1471515638070297,0.5957290970694704,0.4856315664680333,0.4933712812534519,0.4778918516826146,4.559935808181763
108,18,0,2,16000,0.14546792732617847,0.5943498015527188,0.5410120548511853,0.5266332315648838,0.5553908781374868,5.37626838684082
109,19,1,0,16000,0.14520770205145198,0.5935342032303352,0.47539369181565516,0.4523138063356686,0.49847357729564173,3.9718356132507324
110,17,1,2,16000,0.14464553764820898,0.5924991185111264,0.4914533372221258,0.4666955574707646,0.5162111169734871,5.402904272079468
111,16,2,2,16000,0.14396060811392294,0.591344201740512,0.5121454932683948,0.5404903477357353,0.4838006388010541,5.124617099761963
112,18,1,1,16000,0.14281157986668946,0.5910987803274772,0.43936150996119233,0.45843970886654645,0.4202833110558382,4.80866551399231
113,19,0,1,16000,0.14161690930721293,0.588934269956245,0.4584617576804579,0.4964323223094804,0.42049119305143534,5.160045623779297
114,17,2,1,16000,0.13981814484163557,0.5879724657842768,0.5152979962435382,0.5881125510451995,0.4424834414418768,4.992947816848755
115,20,0,0,16000,0.13996896162308203,0.5870440288210249,0.47170173013086825,0.5004170572247538,0.4429864030369826,4.66640567779541
116,19,1,0,16000,0.13844716518853156,0.5865411394662967,0.5019273349062575,0.524062459543669,0.47979221026884594,4.850119352340698
117,20,0,0,16000,0.13663004311626786,0.5855341137560992,0.5073084237317089,0.5341572648418605,0.48045958262155725,5.121362209320068
118,18,0,2,16000,0.13579335630773534,0.5852865139093221,0.5237513427508255,0.5713244739345102,0.47617821156714074,6.160532712936401
119,19,0,1,16000,0.13353149628563518,0.5839971826343825,0.4911895555319771,0.5774051721029562,0.4049739389609979,5.90721321105957
120,18,0,2,16000,0.13161820636875876,0.5820410690420648,0.5611429803989667,0.5863323506722473,0.5359536101256861,5.716143369674683
121,17,0,3,16000,0.13063115972170947,0.5819869375183596,0.47034193037729444,0.44309884979545777,0.49758501095913116,6.496899604797363
122,16,3,1,16000,0.13243825902749828,0.5831810970067609,0.540225052502619,0.5804374014691916,0.5000127035360463,5.148350238800049
123,17,2,1,16000,0.13195183605305244,0.5829123119956672,0.4628137602352912,0.4788161747653167,0.44681134570526576,5.172807455062866
124,19,1,0,16000,0.13149282722858036,0.5827255939129911,0.4708087208778008,0.5268521539574419,0.4147652877981597,4.5442492961883545
125,20,0,0,16000,0.13054028863648137,0.5829615922762713,0.47945370082134187,0.49051096166597347,0.4683964399767102,5.18708348274231
126,19,1,0,16000,0.13037529103764067,0.5836610424554545,0.5503099713909381,0.59971355717712,0.5009063856047561,4.148254871368408
127,18,1,1,16000,0.12924383138071452,0.5824531052991933,0.5279582072139254,0.4917045838906816,0.5642118305371692,5.308844566345215
128,19,1,0,16000,0.1279631043012034,0.582741288394966,0.5030628049174386,0.501338966097911,0.5047866437369661,4.4532928466796875
129,19,0,1,16000,0.12634774369684842,0.5833602117071558,0.5221297621128116,0.5664597906603548,0.4777997335652683,5.550674915313721
130,19,0,1,16000,0.12541939580247263,0.583806670545957,0.510671221430162,0.5365572648992001,0.48478517796112386,4.550294399261475
131,18,0,2,16000,0.12466864210806744,0.5851821373963535,0.4793093176344012,0.523900359674298,0.4347182755945044,5.74731183052063
132,20,0,0,16000,0.12156636996424389,0.5873298813906396,0.49598281243141484,0.537780558188468,0.45418506667436165,4.419847249984741
133,19,1,0,16000,0.11982490253961353,0.5893831596532951,0.47977084820918,0.4909162490241839,0.46862544739417605,5.321713209152222
134,20,0,0,16000,0.11891561642455667,0.5911520337539444,0.44858523607071005,0.521547372789034,0.37562309935238614,4.391803026199341
135,20,0,0,16000,0.11700724019741607,0.5933365112908724,0.43821168301649094,0.46154894588314616,0.4148744201498358,4.432039260864258
136,19,0,1,16000,0.11642700474348154,0.5949915886497502,0.5030397550388526,0.5353142523562204,0.4707652577214846,4.64524245262146
137,16,1,3,16000,0.1144361879974051,0.5952780491467302,0.5051928923115939,0.5454769536237463,0.4649088309994415,5.797450304031372
138,20,0,0,16000,0.1122403240978264,0.5966932302439566,0.4977701986675076,0.5281756303176574,0.4673647670173578,5.608104467391968
139,18,2,0,16000,0.11304163819560989,0.597222703796376,0.47058542566874306,0.5080563000785971,0.4331145512588889,5.452943801879883
140,15,0,5,16000,0.11165088843090326,0.5980614981869317,0.5061545195968729,0.5452806581918198,0.46702838100192584,7.456071138381958
141,18,0,2,16000,0.10949141643663593,0.6000132321589597,0.5468785679013248,0.6006185187253008,0.49313861707734885,4.8719141483306885
142,20,0,0,16000,0.10825548049003739,0.6032408951958416,0.4800255902183862,0.5152987699723713,0.4447524104644011,4.290796756744385
143,20,0,0,16000,0.10619901194091036,0.6061582549206178,0.5450541845629319,0.6099549542352681,0.48015341489059565,4.22721004486084
144,19,0,1,16000,0.10544265444193668,0.6090698357850968,0.5110139528340096,0.5193742162700701,0.5026536893979492,4.440765380859375
145,18,0,2,16000,0.1030849642250211,0.6103903469447506,0.4534334325178443,0.44873424403500795,0.4581326210006807,4.704975128173828
146,19,0,1,16000,0.10277068423566257,0.6130001635165198,0.5534571865114309,0.5946884284972452,0.5122259445256166,4.4491448402404785
147,17,1,2,16000,0.101437934689459,0.6142415520012232,0.47658635508456554,0.5335264127556311,0.4196462974135,6.00994348526001
148,18,1,1,16000,0.10088552902691539,0.617301841502705,0.4926695138832271,0.5504488298875928,0.43489019787886135,5.06581711769104
149,20,0,0,16000,0.10055533535117916,0.6204364875331903,0.551404028306431,0.6344474577620932,0.4683605988507687,4.577836990356445
150,19,0,1,16000,0.09938889702744522,0.622927362142741,0.47289693836730967,0.47233626239153575,0.4734576143430836,4.769056558609009
151,20,0,0,16000,0.09776440299424463,0.6259159543130369,0.5167332686981867,0.5942759435445051,0.4391905938518683,4.451475620269775
152,20,0,0,16000,0.09701545333398429,0.6288456929905109,0.5297022492778347,0.6060514634898322,0.45335303506583724,4.656752347946167
153,17,1,2,16000,0.09615747189059101,0.6303696164890519,0.4826712924238261,0.4866015658421919,0.4787410190054604,4.948809862136841
154,18,1,1,16000,0.09634117753763757,0.6331587460943202,0.5624889357801091,0.6061125886310985,0.5188652829291196,4.986873388290405
155,18,2,0,16000,0.09620657211602479,0.6358843995966328,0.454334082435666,0.4426952443862546,0.4659729204850774,4.369415760040283
156,19,1,0,16000,0.09451834262918715,0.6399472521939771,0.4433977436582207,0.4645032660574042,0.4222922212590372,4.163743734359741
157,18,1,1,16000,0.09380207521840303,0.6413981664888476,0.47381677546023687,0.529341434532976,0.41829211638749775,4.5410614013671875
158,18,1,1,16000,0.09361935959580253,0.6431255520532599,0.5539979953819035,0.6169253745014797,0.49107061626232745,4.949852466583252
159,19,1,0,16000,0.09361629088376351,0.6452821459262595,0.490679569480317,0.527397768300739,0.4539613706598949,4.855849027633667
160,20,0,0,16000,0.09283544892310217,0.648262054117867,0.5101345758852989,0.5404599059109232,0.47980924585967466,4.630336046218872
161,20,0,0,16000,0.09200763377712884,0.6509053484770143,0.4949325918074067,0.5488280526680149,0.44103713094679836,6.6060261726379395
162,20,0,0,16000,0.09038885583385281,0.6549344649756604,0.4948738538400598,0.4792959810587883,0.5104517266213312,6.178940296173096
163,19,1,0,16000,0.09014243026332264,0.6579581976757539,0.48136599081621595,0.5435669142898172,0.4191650673426147,5.2129621505737305
164,20,0,0,16000,0.09006129878235519,0.6601679457227655,0.47034327862817543,0.49438802553018885,0.446298531726162,5.1191911697387695
165,19,0,1,16000,0.08872636753471407,0.6632237230508538,0.4897215030442943,0.5425813327397097,0.4368616733488789,5.345509052276611
166,19,1,0,16000,0.08864311636253384,0.6658618600337295,0.41365708995111894,0.44249278945250764,0.38482139044973024,4.941317558288574
167,19,0,1,16000,0.08809961519298447,0.6683892336888152,0.4886211213859762,0.5647699395090373,0.41247230326291506,5.334697484970093
168,19,0,1,16000,0.08715041585972604,0.6703741468878831,0.47605560616724935,0.4928952107651674,0.4592160015693313,5.234557867050171
169,20,0,0,16000,0.08664402941823952,0.6720326137240965,0.449661362427732,0.49260835700925665,0.40671436784620735,5.180801630020142
170,20,0,0,16000,0.08477008576554342,0.6744502036781529,0.44077629336186275,0.47597779034946053,0.4055747963742649,4.346067190170288
171,20,0,0,16000,0.0843200680338499,0.6769143010830425,0.4977322821464839,0.5364019891326961,0.45906257516027166,5.074169397354126
172,19,0,1,16000,0.08330881770326583,0.6789503591360495,0.4555657358312678,0.5073005397522025,0.4038309319103331,5.396803379058838
173,19,0,1,16000,0.08262086826117215,0.6805895668964188,0.49858023607605706,0.4984732827327362,0.4986871894193779,5.352346897125244
174,17,2,1,16000,0.08413154448777882,0.6824778372975355,0.43486112572769664,0.47854573248284177,0.3911765189725515,5.070384740829468
175,19,0,1,16000,0.08258638157595555,0.6844542184636132,0.5375597941126988,0.5600799520957817,0.5150396361296161,5.441806316375732
176,18,0,2,16000,0.08251560802205671,0.6855143415320365,0.4824565507521874,0.5356424318265363,0.4292706696778386,4.8389177322387695
177,20,0,0,16000,0.08178472969903317,0.6884203324536107,0.522594849232312,0.519249569979711,0.5259401284849131,4.25448203086853
178,19,0,1,16000,0.0801328500253129,0.6909883613047263,0.5098634274019667,0.5578794958707072,0.46184735893322626,4.1275715827941895
179,20,0,0,16000,0.07942273936415772,0.6918890318637289,0.4646075899805453,0.45587274353817586,0.47334243642291474,4.594572305679321
180,20,0,0,16000,0.07870462897222796,0.6937128748423214,0.5309433091297084,0.6051316788332578,0.4567549394261591,4.079735517501831
181,20,0,0,16000,0.07708715201986224,0.6948774514109199,0.4781188734980253,0.4582124327119044,0.49802531428414615,4.005284070968628
182,20,0,0,16000,0.076431489797886,0.6975779873500372,0.47442614995553123,0.45619298517554857,0.49265931473551383,4.033379077911377
183,19,1,0,16000,0.07539446878399078,0.7000640482633933,0.49881080145513357,0.5130352349142046,0.4845863679960626,3.951223134994507
184,19,0,1,16000,0.07506101975714131,0.7021090294299173,0.5102206885454703,0.5057536992885595,0.5146876778023812,4.71788763999939
185,19,0,1,16000,0.07404783546731405,0.7027253755616822,0.47612411530721244,0.487422607705508,0.4648256229089168,4.120431661605835
186,19,1,0,16000,0.07329873315169458,0.704787466093376,0.4365735695805019,0.408524933905418,0.46462220525558584,4.95933723449707
187,18,0,2,16000,0.0720038021679805,0.7045407933636212,0.4877439856891734,0.5901009878745332,0.3853869835038135,5.42274284362793
188,18,0,2,16000,0.07128475089816974,0.705951073468533,0.5132895958291226,0.5182598879673148,0.5083193036909304,5.698911428451538
189,20,0,0,16000,0.0709505367978055,0.7071352231328335,0.4832546721997307,0.4449391051435949,0.5215702392558664,4.21439790725708
190,20,0,0,16000,0.0701558963513813,0.7087697837361442,0.4855362837196828,0.5218059029302744,0.4492666645090912,4.936768293380737
191,19,0,1,16000,0.06930036664433156,0.7106367165977581,0.5105633803557313,0.5456051345169001,0.4755216261945626,4.552602291107178
192,20,0,0,16000,0.0695526974617346,0.7111124765945311,0.5067148815763052,0.6090968653429042,0.4043328978097062,4.707823276519775
193,20,0,0,16000,0.06872423470231906,0.7131208129359622,0.5046502586425738,0.5254860270578461,0.4838144902273017,4.33358097076416
194,20,0,0,16000,0.06778155437826125,0.7145121289870394,0.45157775615615925,0.4224432959813857,0.4807122163309328,4.3331544399261475
195,20,0,0,16000,0.06757661290953947,0.7162695009204723,0.45527938514011945,0.4509748000483872,0.45958397023185177,4.450808048248291
196,19,0,1,16000,0.06664188399401148,0.7168433498793031,0.503873881237897,0.5492841296885126,0.4584636327872814,5.00939416885376
197,20,0,0,16000,0.06575483233449146,0.7180610873376017,0.48012597739106627,0.5079251072149713,0.45232684756716124,4.912086486816406
198,20,0,0,16000,0.06469452194844484,0.7200107554995514,0.5045081306272323,0.5380861231438061,0.47093013811065865,4.693504095077515
199,20,0,0,16000,0.06448933579411145,0.7219558640880779,0.5000165245323595,0.4508125195299216,0.5492205295347973,4.831230163574219
200,17,0,3,16000,0.06212023765199083,0.7236226437814559,0.4790749314520934,0.49780004068785966,0.46034982221632714,5.555229187011719
201,18,2,0,16000,0.065209390427987,0.7262025427444504,0.47539766065733013,0.5359514941823664,0.4148438271322938,4.6818177700042725
202,18,0,2,16000,0.06495090642422753,0.7278016843582805,0.48143292548125977,0.4736077204810809,0.4892581304814386,5.1812310218811035
203,20,0,0,16000,0.06400552167541956,0.7286518690261855,0.4407558274911517,0.4067775903707259,0.4747340646115775,4.852794408798218
204,19,0,1,16000,0.06358252280912356,0.7292339097102687,0.5228492031304632,0.5730186297417031,0.47267977651922344,4.672586679458618
205,19,0,1,16000,0.06393467162970659,0.7320222308094791,0.5235616303800401,0.5633754025367834,0.48374785822329675,5.138779878616333
206,17,0,3,16000,0.06306346966574837,0.7312782991400772,0.44082555891849173,0.4774813457304015,0.4041697721065819,6.052700757980347
207,19,0,1,16000,0.06254146845791167,0.7320814047135091,0.5314911432084517,0.5652936160776412,0.4976886703392623,4.826345443725586
208,20,0,0,16000,0.0634327477300011,0.733397934131189,0.46876617110581265,0.4700666123366382,0.467465729874987,4.466667175292969
209,18,1,1,16000,0.06313568568172458,0.7341809719639059,0.5129952506274529,0.5972460726292146,0.4287444286256911,4.711495876312256
210,20,0,0,16000,0.0628417725313371,0.7352984828618139,0.45670987251934936,0.41506154657378364,0.4983581984649151,4.393175363540649
211,19,1,0,16000,0.06253392803197311,0.7364993605073443,0.5522784915372321,0.5865083793262681,0.518048603748196,4.971706867218018
212,18,1,1,16000,0.0621024711100891,0.7371996608600576,0.4952203703574705,0.5261686703512193,0.46427207036372176,4.669958114624023
213,19,0,1,16000,0.06198579870224538,0.7383503885483791,0.5387048197126213,0.5717931904171566,0.505616449008086,4.845681667327881
214,19,1,0,16000,0.06134577719686862,0.7399167915313692,0.5041762267679026,0.559282645812444,0.44906980772336136,4.596136569976807
215,19,0,1,16000,0.06006150675919686,0.7418232968937865,0.5130123589326329,0.5278822278838171,0.49814248998144856,5.131714582443237
216,18,1,1,16000,0.06090519213533935,0.7445140266719885,0.4786587363447463,0.4907176732512809,0.4665997994382118,4.563353061676025
217,17,2,1,16000,0.060621797971291955,0.7446661156131047,0.46943563571553276,0.4636309606767388,0.4752403107543267,5.144279956817627
218,18,0,2,16000,0.060503223191843675,0.746238269349324,0.49656841654777384,0.5065291401933832,0.4866076929021644,4.925140619277954
219,17,1,2,16000,0.06069384294348112,0.7458242264303622,0.5033568787431686,0.5806504783454565,0.4260632791408808,5.8513853549957275
220,20,0,0,16000,0.060192986489623596,0.7482018403148777,0.5390980959182143,0.539382538322247,0.5388136535141816,4.241426229476929
221,20,0,0,16000,0.05975204893462112,0.7489128078528074,0.4746041150664708,0.5003382485248964,0.4488699816080452,4.735011100769043
222,18,2,0,16000,0.0605291907197605,0.7491940751679456,0.463277148176108,0.5012323490985242,0.42532194725369177,4.500811576843262
223,18,0,2,16000,0.06045570289106762,0.7493924982139778,0.5521807045141022,0.6364991551334657,0.4678622538947386,6.020768165588379
224,17,1,2,16000,0.061135118493910345,0.7485154207267584,0.47848160400655537,0.4937669575942941,0.4631962504188167,4.909860134124756
225,17,0,3,16000,0.06081617517739052,0.7486502789896581,0.46249936008270254,0.5103243537005993,0.4146743664648059,5.764513969421387
226,17,1,2,16000,0.06038072875134175,0.7490630977988835,0.4836248237245463,0.5582571351547273,0.4089925122943653,4.99340558052063
227,18,1,1,16000,0.05999985624227136,0.7486177489290333,0.41650275763112754,0.4272261789915629,0.4057793362706921,5.298595666885376
228,17,1,2,16000,0.06136812851258994,0.7475130907297872,0.44527864054699984,0.42907744579927504,0.4614798352947247,4.845961332321167
229,18,0,2,16000,0.06086927297748719,0.7483030764671373,0.42773199836819376,0.4602239077709312,0.39524008896545637,5.409144163131714
230,19,0,1,16000,0.06049102242061169,0.7482770457278846,0.5565861564633012,0.6285315638970566,0.4846407490295458,4.711709499359131
231,19,1,0,16000,0.06053720729414237,0.7499450305648142,0.47082726766712973,0.493217372320516,0.4484371630137435,4.854270935058594
232,20,0,0,16000,0.059610282264911545,0.7516139859534953,0.4672971338882318,0.45925887230880214,0.4753353954676615,4.090006589889526
233,20,0,0,16000,0.05893976668907444,0.752630508607692,0.4723887035635618,0.42385404575145286,0.5209233613756707,5.192100286483765
234,20,0,0,16000,0.057553407895191866,0.7536924998678438,0.4425860249458079,0.4601437612716329,0.4250282886199829,4.228460073471069
235,17,0,3,16000,0.05741715653275756,0.7517851789581473,0.5212041790371533,0.5449418429536933,0.4974665151206133,6.270720720291138
236,17,1,2,16000,0.05874906850703608,0.7507694121371621,0.46745013830881615,0.5483215893641465,0.38657868725348576,4.662031650543213
237,20,0,0,16000,0.05853180435686575,0.7515035910548632,0.5287542176762737,0.4960341048785802,0.5614743304739672,6.681556701660156
238,20,0,0,16000,0.05829812891145925,0.7529870607056731,0.5084730329682039,0.5286047550213366,0.4883413109150711,5.044421195983887
239,20,0,0,16000,0.0581934170745643,0.7550514025370395,0.45673525610774823,0.5222304656801505,0.39124004653534594,8.379575967788696
240,19,0,1,16000,0.05733585128808158,0.7558005610725447,0.5023079818303136,0.570319296549774,0.434296667110853,6.149681806564331
241,20,0,0,16000,0.05671974732527932,0.7574058642091519,0.43854218844008197,0.46482896569293003,0.4122554111872339,5.2561564445495605
242,18,2,0,16000,0.05707615282579977,0.7573896563148464,0.4798306006098227,0.4619409317042007,0.4977202695154447,5.515017986297607
243,19,0,1,16000,0.056148964781348426,0.757114528105287,0.4490138533122543,0.4917820118042197,0.4062456948202888,5.001605272293091
244,19,0,1,16000,0.05575075833441935,0.7571986452028714,0.47092675720643695,0.4812685760301727,0.46058493838270126,5.662132978439331
245,18,0,2,16000,0.05558298783271898,0.7576047212657522,0.5055817584102102,0.49182894555307466,0.5193345712673458,4.653881072998047
246,18,1,1,16000,0.05530338663242325,0.7564875796076634,0.5270159215533584,0.5763467652444683,0.4776850778622486,4.6971635818481445
247,19,0,1,16000,0.05502945222578619,0.7575630594744557,0.5517502741910478,0.5230465850155709,0.5804539633665247,5.025682687759399
248,20,0,0,16000,0.054008352540616804,0.75911850787758,0.4721397173399895,0.48359924311715163,0.4606801915628274,4.136146068572998
249,20,0,0,16000,0.0537923205867715,0.7612854992438052,0.4148211696570933,0.39748185366233735,0.4321604856518493,5.034771919250488
250,17,3,0,16000,0.05577957088730734,0.7620768021579337,0.47972611989801595,0.5152644907863859,0.444187749009646,4.497965574264526
251,19,1,0,16000,0.0552731574626182,0.7636956803168063,0.46476847039430386,0.4868062623812045,0.4427306784074032,4.390525817871094
252,19,0,1,16000,0.05538630450441408,0.7644086184008383,0.4916105065384965,0.5320390614160457,0.45118195166094716,4.163341045379639
253,20,0,0,16000,0.05486353208830391,0.7650300845177401,0.4730024260482594,0.4690707272502634,0.4769341248462553,4.6204822063446045
254,17,2,1,16000,0.05762591130473242,0.7658282656821486,0.5081974710314197,0.5056410605801156,0.5107538814827237,5.573571681976318
255,19,0,1,16000,0.056521956778293206,0.7642184514591999,0.49951871935098247,0.5523496905808164,0.4466877481211485,5.1180806159973145
256,20,0,0,16000,0.055790343079431384,0.7652017667598723,0.4977410698679312,0.5877144549826085,0.4077676847532539,4.832550048828125
257,18,0,2,16000,0.05501250640140731,0.7644512079149122,0.40511621172148016,0.4299999069992041,0.3802325164437562,5.481268405914307
258,19,0,1,16000,0.054534662794954135,0.7662515094114114,0.52447215422505,0.5751994623903579,0.4737448460597421,4.941132545471191
259,18,0,2,16000,0.05369821857703795,0.7659048193693343,0.48073466563017725,0.4700174576081372,0.4914518736522173,5.937301397323608
260,17,1,2,16000,0.054049825952477606,0.7660578531632276,0.46676164421524546,0.5248433047616058,0.4086799836688851,5.4688720703125
261,20,0,0,16000,0.052712948103833604,0.7667053549782415,0.44207004062672206,0.44271367541999235,0.44142640583345183,4.769773483276367
262,20,0,0,16000,0.05130415573877954,0.7672342753009556,0.49026504429682594,0.5631913165234966,0.4173387720701552,4.710528135299683
263,20,0,0,16000,0.05009406650569334,0.766586435940679,0.45266791034248854,0.5082468039948191,0.39708901669015795,4.881929159164429
264,19,0,1,16000,0.050317029993130785,0.7660597714617359,0.44729980377607725,0.4484462240035637,0.4461533835485908,5.193891525268555
265,19,0,1,16000,0.05032653085392763,0.7668837069833868,0.4208461700532802,0.4693738744083184,0.37231846569824195,4.838195562362671
266,18,0,2,16000,0.04986841194828315,0.7668588039710214,0.48047657057336596,0.5223488352288187,0.4386043059179132,5.4593665599823
267,20,0,0,16000,0.0498519422914947,0.7676248943786327,0.44566518357284457,0.43171577938232275,0.45961458776336633,4.668766498565674
268,19,0,1,16000,0.04983058772516677,0.7682378508383814,0.43234812900173636,0.4532192216545912,0.41147703634888144,5.310380697250366
269,17,1,2,16000,0.05089941435427295,0.768994958051212,0.46836576474530195,0.5150743840346378,0.4216571454559661,6.209781646728516
270,19,0,1,16000,0.051242353393070705,0.7681801739248344,0.441446665554266,0.43201707202500605,0.4508762590835259,4.915902137756348
271,20,0,0,16000,0.05176530576014048,0.7687590406033589,0.5112502931770042,0.49522474996914745,0.5272758363848609,4.798130750656128
272,17,1,2,16000,0.052526686378106556,0.7677977897286729,0.5060616790800443,0.5722779125709795,0.43984544558910904,4.8323938846588135
273,20,0,0,16000,0.052161742030405064,0.7689685054941819,0.4535854579007049,0.4481129804326788,0.4590579353687311,5.248805999755859
274,20,0,0,16000,0.05178288662801202,0.7693719154535773,0.49252358724159007,0.47317731244458533,0.5118698620385947,4.901050329208374
275,20,0,0,16000,0.05191411316664976,0.771296817682479,0.5106367821326355,0.5242291052699757,0.49704445899529537,5.40074610710144
276,18,1,1,16000,0.052368431316073695,0.7704507453891438,0.475194216173323,0.47121574096557056,0.4791726913810755,4.480808973312378
277,19,0,1,16000,0.04972007034185537,0.7705546433599202,0.5339715097211868,0.543166514008586,0.5247765054337875,5.028004884719849
278,20,0,0,16000,0.05059404649861976,0.7739374117704878,0.4894228735523798,0.4853609490687285,0.49348479803603107,3.730823278427124
279,17,0,3,16000,0.05081838773622875,0.7729414328608095,0.5058010268044926,0.49474481238556367,0.5168572412234216,4.927534818649292
280,19,1,0,16000,0.05212525545004814,0.7769849776077944,0.5044007296874159,0.55570491505595,0.45309654431888174,4.3033225536346436
281,19,1,0,16000,0.05207502780296927,0.7756486102727794,0.5118027652427001,0.5322071223209235,0.4913984081644767,3.9103548526763916
282,18,1,1,16000,0.05274150194145929,0.7754500565848941,0.4746645728086015,0.4861191407445362,0.46321000487266684,4.245569467544556
283,19,0,1,16000,0.05256480370030348,0.7759475934848679,0.4531945578139879,0.43677966259544926,0.46960945303252655,4.169641971588135
284,19,0,1,16000,0.05219562141415876,0.7766096185902509,0.50994395347001,0.5342605202745161,0.48562738666550387,4.484091758728027
285,20,0,0,16000,0.05245915785990679,0.7780325802206299,0.48005681630883557,0.4773577965608513,0.48275583605681976,4.587146520614624
286,19,1,0,16000,0.052963905420635324,0.7792475050109532,0.46746237742869556,0.4819337726945838,0.45299098216280725,3.9605824947357178
287,18,0,2,16000,0.05257012514135068,0.7795821944741825,0.4690513170034619,0.5229246305477826,0.41517800345914124,4.911025762557983
288,17,2,1,16000,0.05460289738966191,0.7794045702280565,0.493735564854094,0.48681484160218075,0.5006562881060073,5.121339321136475
289,17,1,2,16000,0.055917933096561845,0.7799476232853224,0.480163243821189,0.4673347408659768,0.4929917467764013,4.7658631801605225
290,20,0,0,16000,0.055157150097816736,0.7804917804944731,0.4368480172883846,0.4807378762839876,0.3929581582927817,4.231855392456055
291,18,2,0,16000,0.0569872170545724,0.7807041289544228,0.47032818507649765,0.499248422863947,0.4414079472890483,4.20187520980835
292,19,0,1,16000,0.05657520404945966,0.7809731184667749,0.43303162336500767,0.40945059876519074,0.45661264796482454,4.5149500370025635
293,17,2,1,16000,0.058865936678331204,0.7826233307713615,0.49731789362214973,0.4725760267955612,0.5220597604487383,5.066444158554077
294,19,0,1,16000,0.058395713335956695,0.7827261542010923,0.4753814220960992,0.5623841099583092,0.38837873423388913,5.05867600440979
295,18,2,0,16000,0.05902751646158312,0.7841786941350497,0.4823383298141843,0.530483186853517,0.43419347277485154,4.737776517868042
296,20,0,0,16000,0.059092446394160544,0.7838291023019647,0.5119864064224686,0.4729366250386789,0.5510361878062583,4.6376941204071045
297,18,1,1,16000,0.060256659181790954,0.7853017555517677,0.4898501970659628,0.4597185839393723,0.5199818101925533,5.172896146774292
298,18,1,1,16000,0.06027570704104543,0.7847142741441062,0.5154908187276631,0.5082499740401958,0.5227316634151304,5.466816186904907
299,18,2,0,16000,0.06087960916832344,0.784479110482056,0.520826939386511,0.5463887183979029,0.49526516037511914,5.251235246658325
300,19,1,0,16000,0.062260198551195044,0.7852117869506167,0.4907933516887814,0.5048224856067026,0.4767642177708602,5.235191583633423
